Max of Epsilon,Column Labels,,,
Row Labels,A100,Q50,Q75,Grand Total
1,0.181395349,0.179104478,0.15483871,0.181395349
2,,0.129353234,0.15483871,0.15483871
5,0.16744186,0,0.103225806,0.16744186
10,0.181395349,0,0.103225806,0.181395349
20,,0,0.103225806,0.103225806
25,0.181395349,,,0.181395349
30,,0,0.103225806,0.103225806
50,0,,,0
Grand Total,0.181395349,0.179104478,0.15483871,0.181395349
