Row Labels,Average of Epsilon,Average of Average Runtime [ms]
0.7;20M,0.000156718,59.32053401
0.75;20M,3.87341E-05,73.50504501
0.8;20M,3.32728E-05,92.80324995
0.85;20M,5.19943E-05,123.8761366
0.9;20M,6.14253E-06,188.1401406
0.95;20M,0,379.1524728
(blank),,
Grand Total,4.78103E-05,152.7995965
